<?xml version="1.0" encoding="UTF-8"?>
<GenRun Id="impl_1" LaunchPart="xc7z010clg400-1" LaunchTime="1455217858">
  <File Type="OPT-DCP" Name="Lab3_opt.dcp"/>
  <File Type="RUN-CONSTRS" Name="$PDATADIR/runs/impl_1/constrs_in.xml"/>
  <File Type="RUN-SRCS" Name="$PDATADIR/runs/impl_1/sources.xml"/>
  <File Type="ROUTE-DCP" Name="Lab3_routed.dcp"/>
  <File Type="PA-TCL" Name="Lab3.tcl"/>
  <File Type="RUN-STRAT" Name="$PDATADIR/runs/impl_1/impl_1.psg"/>
  <File Type="OPT-DRC" Name="Lab3_drc_opted.rpt"/>
  <File Type="INIT-TIMING" Name="Lab3_timing_summary_init.rpt"/>
  <File Type="OPT-TIMING" Name="Lab3_timing_summary_opted.rpt"/>
  <File Type="OPT-HWDEF" Name="Lab3.hwdef"/>
  <File Type="PWROPT-DCP" Name="Lab3_pwropt.dcp"/>
  <File Type="PWROPT-DRC" Name="Lab3_drc_pwropted.rpt"/>
  <File Type="PWROPT-TIMING" Name="Lab3_timing_summary_pwropted.rpt"/>
  <File Type="PLACE-DCP" Name="Lab3_placed.dcp"/>
  <File Type="PLACE-IO" Name="Lab3_io_placed.rpt"/>
  <File Type="PLACE-CLK" Name="Lab3_clock_utilization_placed.rpt"/>
  <File Type="PLACE-UTIL" Name="Lab3_utilization_placed.rpt"/>
  <File Type="PLACE-UTIL-PB" Name="Lab3_utilization_placed.pb"/>
  <File Type="PLACE-CTRL" Name="Lab3_control_sets_placed.rpt"/>
  <File Type="PLACE-SIMILARITY" Name="Lab3_incremental_reuse_placed.rpt"/>
  <File Type="PLACE-PRE-SIMILARITY" Name="Lab3_incremental_reuse_pre_placed.rpt"/>
  <File Type="PLACE-TIMING" Name="Lab3_timing_summary_placed.rpt"/>
  <File Type="POSTPLACE-PWROPT-DCP" Name="Lab3_postplace_pwropt.dcp"/>
  <File Type="POSTPLACE-PWROPT-TIMING" Name="Lab3_timing_summary_postplace_pwropted.rpt"/>
  <File Type="PHYSOPT-DCP" Name="Lab3_physopt.dcp"/>
  <File Type="RDI-RDI" Name="Lab3.vdi"/>
  <File Type="PHYSOPT-DRC" Name="Lab3_drc_physopted.rpt"/>
  <File Type="PHYSOPT-TIMING" Name="Lab3_timing_summary_physopted.rpt"/>
  <File Type="ROUTE-DRC" Name="Lab3_drc_routed.rpt"/>
  <File Type="ROUTE-DRC-PB" Name="Lab3_drc_routed.pb"/>
  <File Type="ROUTE-PWR" Name="Lab3_power_routed.rpt"/>
  <File Type="ROUTE-PWR-SUM" Name="Lab3_power_summary_routed.pb"/>
  <File Type="ROUTE-STATUS" Name="Lab3_route_status.rpt"/>
  <File Type="ROUTE-STATUS-PB" Name="Lab3_route_status.pb"/>
  <File Type="ROUTE-TIMINGSUMMARY" Name="Lab3_timing_summary_routed.rpt"/>
  <File Type="ROUTE-TIMING-PB" Name="Lab3_timing_summary_routed.pb"/>
  <File Type="ROUTE-TIMING-RPX" Name="Lab3_timing_summary_routed.rpx"/>
  <File Type="ROUTE-SIMILARITY" Name="Lab3_incremental_reuse_routed.rpt"/>
  <File Type="ROUTE-CLK" Name="Lab3_clock_utilization_routed.rpt"/>
  <File Type="POSTROUTE-PHYSOPT-DCP" Name="Lab3_postroute_physopt.dcp"/>
  <File Type="POSTROUTE-PHYSOPT-TIMING" Name="Lab3_timing_summary_postroute_physopted.rpt"/>
  <File Type="POSTROUTE-PHYSOPT-TIMING-PB" Name="Lab3_timing_summary_postroute_physopted.pb"/>
  <File Type="POSTROUTE-PHYSOPT-TIMING-RPX" Name="Lab3_timing_summary_postroute_physopted.rpx"/>
  <File Type="BG-BIT" Name="Lab3.bit"/>
  <File Type="BG-BIN" Name="Lab3.bin"/>
  <File Type="BITSTR-MSK" Name="Lab3.msk"/>
  <File Type="BITSTR-RBT" Name="Lab3.rbt"/>
  <File Type="BITSTR-NKY" Name="Lab3.nky"/>
  <File Type="BITSTR-BMM" Name="Lab3_bd.bmm"/>
  <File Type="BITSTR-MMI" Name="Lab3.mmi"/>
  <File Type="BITSTR-SYSDEF" Name="Lab3.sysdef"/>
  <File Type="BG-BGN" Name="Lab3.bgn"/>
  <File Type="BG-DRC" Name="Lab3.drc"/>
  <File Type="WBT-USG" Name="usage_statistics_webtalk.html"/>
  <FileSet Name="sources" Type="DesignSrcs" RelSrcDir="$PSRCDIR/sources_1">
    <Filter Type="Srcs"/>
    <File Path="$PSRCDIR/sources_1/new/genData.v">
      <FileInfo>
        <Attr Name="UsedIn" Val="synthesis"/>
        <Attr Name="UsedIn" Val="implementation"/>
        <Attr Name="UsedIn" Val="simulation"/>
      </FileInfo>
    </File>
    <File Path="$PSRCDIR/sources_1/imports/Desktop/txmit.v">
      <FileInfo>
        <Attr Name="ImportPath" Val="$PPRDIR/../Desktop/txmit.v"/>
        <Attr Name="ImportTime" Val="1454543906"/>
        <Attr Name="UsedIn" Val="synthesis"/>
        <Attr Name="UsedIn" Val="implementation"/>
        <Attr Name="UsedIn" Val="simulation"/>
      </FileInfo>
    </File>
    <File Path="$PSRCDIR/sources_1/imports/Desktop/rcvr.v">
      <FileInfo>
        <Attr Name="ImportPath" Val="$PPRDIR/../Desktop/rcvr.v"/>
        <Attr Name="ImportTime" Val="1454543906"/>
        <Attr Name="UsedIn" Val="synthesis"/>
        <Attr Name="UsedIn" Val="implementation"/>
        <Attr Name="UsedIn" Val="simulation"/>
      </FileInfo>
    </File>
    <File Path="$PSRCDIR/sources_1/imports/Desktop/clock.v">
      <FileInfo>
        <Attr Name="ImportPath" Val="$PPRDIR/../Desktop/clock.v"/>
        <Attr Name="ImportTime" Val="1454543906"/>
        <Attr Name="UsedIn" Val="synthesis"/>
        <Attr Name="UsedIn" Val="implementation"/>
        <Attr Name="UsedIn" Val="simulation"/>
      </FileInfo>
    </File>
    <File Path="$PSRCDIR/sources_1/new/LAB3.v">
      <FileInfo>
        <Attr Name="UsedIn" Val="synthesis"/>
        <Attr Name="UsedIn" Val="implementation"/>
        <Attr Name="UsedIn" Val="simulation"/>
      </FileInfo>
    </File>
    <File Path="$PSRCDIR/sources_1/new/ValOut.v">
      <FileInfo>
        <Attr Name="AutoDisabled" Val="1"/>
        <Attr Name="UsedIn" Val="synthesis"/>
        <Attr Name="UsedIn" Val="implementation"/>
        <Attr Name="UsedIn" Val="simulation"/>
      </FileInfo>
    </File>
    <File Path="$PSRCDIR/sources_1/new/BinaryBCD.v">
      <FileInfo>
        <Attr Name="AutoDisabled" Val="1"/>
        <Attr Name="UsedIn" Val="synthesis"/>
        <Attr Name="UsedIn" Val="implementation"/>
        <Attr Name="UsedIn" Val="simulation"/>
      </FileInfo>
    </File>
    <File Path="$PSRCDIR/sources_1/new/AOS.v">
      <FileInfo>
        <Attr Name="AutoDisabled" Val="1"/>
        <Attr Name="UsedIn" Val="synthesis"/>
        <Attr Name="UsedIn" Val="implementation"/>
        <Attr Name="UsedIn" Val="simulation"/>
      </FileInfo>
    </File>
    <File Path="$PSRCDIR/sources_1/new/8bitTo8bit.v">
      <FileInfo>
        <Attr Name="AutoDisabled" Val="1"/>
        <Attr Name="UsedIn" Val="synthesis"/>
        <Attr Name="UsedIn" Val="implementation"/>
        <Attr Name="UsedIn" Val="simulation"/>
      </FileInfo>
    </File>
    <Config>
      <Option Name="DesignMode" Val="RTL"/>
      <Option Name="TopModule" Val="Lab3"/>
      <Option Name="TopAutoSet" Val="TRUE"/>
    </Config>
  </FileSet>
  <FileSet Name="constrs_in" Type="Constrs" RelSrcDir="$PSRCDIR/constrs_1">
    <Filter Type="Constrs"/>
    <File Path="$PSRCDIR/constrs_1/imports/xdc/zybo.xdc">
      <FileInfo>
        <Attr Name="ImportPath" Val="$PPRDIR/../Downloads/zybo-USBUART/zybo-USBUART/zybo-USBUART.srcs/constrs_1/imports/xdc/zybo.xdc"/>
        <Attr Name="ImportTime" Val="1454543906"/>
        <Attr Name="UsedIn" Val="synthesis"/>
        <Attr Name="UsedIn" Val="implementation"/>
      </FileInfo>
    </File>
    <Config>
      <Option Name="ConstrsType" Val="XDC"/>
    </Config>
  </FileSet>
  <Strategy Version="1" Minor="2">
    <StratHandle Name="Vivado Implementation Defaults" Flow="Vivado Implementation 2015"/>
    <Step Id="init_design"/>
    <Step Id="opt_design"/>
    <Step Id="power_opt_design"/>
    <Step Id="place_design"/>
    <Step Id="post_place_power_opt_design"/>
    <Step Id="phys_opt_design"/>
    <Step Id="route_design"/>
    <Step Id="post_route_phys_opt_design"/>
    <Step Id="write_bitstream"/>
  </Strategy>
</GenRun>
