<?xml version="1.0" encoding="UTF-8"?>
<GenRun Id="impl_1" LaunchPart="xc7z010clg400-1" LaunchTime="1454641654">
  <File Type="OPT-DCP" Name="zybousbuart_opt.dcp"/>
  <File Type="RUN-CONSTRS" Name="$PDATADIR/runs/impl_1/constrs_in.xml"/>
  <File Type="RUN-SRCS" Name="$PDATADIR/runs/impl_1/sources.xml"/>
  <File Type="ROUTE-DCP" Name="zybousbuart_routed.dcp"/>
  <File Type="PA-TCL" Name="zybousbuart.tcl"/>
  <File Type="RUN-STRAT" Name="$PDATADIR/runs/impl_1/impl_1.psg"/>
  <File Type="OPT-DRC" Name="zybousbuart_drc_opted.rpt"/>
  <File Type="INIT-TIMING" Name="zybousbuart_timing_summary_init.rpt"/>
  <File Type="OPT-TIMING" Name="zybousbuart_timing_summary_opted.rpt"/>
  <File Type="OPT-HWDEF" Name="zybousbuart.hwdef"/>
  <File Type="PWROPT-DCP" Name="zybousbuart_pwropt.dcp"/>
  <File Type="PWROPT-DRC" Name="zybousbuart_drc_pwropted.rpt"/>
  <File Type="PWROPT-TIMING" Name="zybousbuart_timing_summary_pwropted.rpt"/>
  <File Type="PLACE-DCP" Name="zybousbuart_placed.dcp"/>
  <File Type="PLACE-IO" Name="zybousbuart_io_placed.rpt"/>
  <File Type="PLACE-CLK" Name="zybousbuart_clock_utilization_placed.rpt"/>
  <File Type="PLACE-UTIL" Name="zybousbuart_utilization_placed.rpt"/>
  <File Type="PLACE-UTIL-PB" Name="zybousbuart_utilization_placed.pb"/>
  <File Type="PLACE-CTRL" Name="zybousbuart_control_sets_placed.rpt"/>
  <File Type="PLACE-SIMILARITY" Name="zybousbuart_incremental_reuse_placed.rpt"/>
  <File Type="PLACE-PRE-SIMILARITY" Name="zybousbuart_incremental_reuse_pre_placed.rpt"/>
  <File Type="PLACE-TIMING" Name="zybousbuart_timing_summary_placed.rpt"/>
  <File Type="POSTPLACE-PWROPT-DCP" Name="zybousbuart_postplace_pwropt.dcp"/>
  <File Type="POSTPLACE-PWROPT-TIMING" Name="zybousbuart_timing_summary_postplace_pwropted.rpt"/>
  <File Type="PHYSOPT-DCP" Name="zybousbuart_physopt.dcp"/>
  <File Type="RDI-RDI" Name="zybousbuart.vdi"/>
  <File Type="PHYSOPT-DRC" Name="zybousbuart_drc_physopted.rpt"/>
  <File Type="PHYSOPT-TIMING" Name="zybousbuart_timing_summary_physopted.rpt"/>
  <File Type="ROUTE-DRC" Name="zybousbuart_drc_routed.rpt"/>
  <File Type="ROUTE-DRC-PB" Name="zybousbuart_drc_routed.pb"/>
  <File Type="ROUTE-PWR" Name="zybousbuart_power_routed.rpt"/>
  <File Type="ROUTE-PWR-SUM" Name="zybousbuart_power_summary_routed.pb"/>
  <File Type="ROUTE-STATUS" Name="zybousbuart_route_status.rpt"/>
  <File Type="ROUTE-STATUS-PB" Name="zybousbuart_route_status.pb"/>
  <File Type="ROUTE-TIMINGSUMMARY" Name="zybousbuart_timing_summary_routed.rpt"/>
  <File Type="ROUTE-TIMING-PB" Name="zybousbuart_timing_summary_routed.pb"/>
  <File Type="ROUTE-TIMING-RPX" Name="zybousbuart_timing_summary_routed.rpx"/>
  <File Type="ROUTE-SIMILARITY" Name="zybousbuart_incremental_reuse_routed.rpt"/>
  <File Type="ROUTE-CLK" Name="zybousbuart_clock_utilization_routed.rpt"/>
  <File Type="POSTROUTE-PHYSOPT-DCP" Name="zybousbuart_postroute_physopt.dcp"/>
  <File Type="POSTROUTE-PHYSOPT-TIMING" Name="zybousbuart_timing_summary_postroute_physopted.rpt"/>
  <File Type="POSTROUTE-PHYSOPT-TIMING-PB" Name="zybousbuart_timing_summary_postroute_physopted.pb"/>
  <File Type="POSTROUTE-PHYSOPT-TIMING-RPX" Name="zybousbuart_timing_summary_postroute_physopted.rpx"/>
  <File Type="BG-BIT" Name="zybousbuart.bit"/>
  <File Type="BG-BIN" Name="zybousbuart.bin"/>
  <File Type="BITSTR-MSK" Name="zybousbuart.msk"/>
  <File Type="BITSTR-RBT" Name="zybousbuart.rbt"/>
  <File Type="BITSTR-NKY" Name="zybousbuart.nky"/>
  <File Type="BITSTR-BMM" Name="zybousbuart_bd.bmm"/>
  <File Type="BITSTR-MMI" Name="zybousbuart.mmi"/>
  <File Type="BITSTR-SYSDEF" Name="zybousbuart.sysdef"/>
  <File Type="BG-BGN" Name="zybousbuart.bgn"/>
  <File Type="BG-DRC" Name="zybousbuart.drc"/>
  <File Type="WBT-USG" Name="usage_statistics_webtalk.html"/>
  <FileSet Name="sources" Type="DesignSrcs" RelSrcDir="$PSRCDIR/sources_1">
    <Filter Type="Srcs"/>
    <File Path="$PSRCDIR/sources_1/new/changeletter.v">
      <FileInfo>
        <Attr Name="UsedIn" Val="synthesis"/>
        <Attr Name="UsedIn" Val="implementation"/>
        <Attr Name="UsedIn" Val="simulation"/>
      </FileInfo>
    </File>
    <File Path="$PSRCDIR/sources_1/imports/Users/Silage/Desktop/Chapter 4/peripherals/txmit.v">
      <FileInfo>
        <Attr Name="ImportPath" Val="$PPRDIR/../../Users/Silage/Desktop/Chapter 4/peripherals/txmit.v"/>
        <Attr Name="ImportTime" Val="1362530456"/>
        <Attr Name="UsedIn" Val="synthesis"/>
        <Attr Name="UsedIn" Val="implementation"/>
        <Attr Name="UsedIn" Val="simulation"/>
      </FileInfo>
    </File>
    <File Path="$PSRCDIR/sources_1/imports/Users/Silage/Desktop/Chapter 4/peripherals/rcvr.v">
      <FileInfo>
        <Attr Name="ImportPath" Val="$PPRDIR/../../Users/Silage/Desktop/Chapter 4/peripherals/rcvr.v"/>
        <Attr Name="ImportTime" Val="1361636133"/>
        <Attr Name="UsedIn" Val="synthesis"/>
        <Attr Name="UsedIn" Val="implementation"/>
        <Attr Name="UsedIn" Val="simulation"/>
      </FileInfo>
    </File>
    <File Path="$PSRCDIR/sources_1/imports/zybo-v15/Chapter 3/peripherals/clock.v">
      <FileInfo>
        <Attr Name="ImportPath" Val="$PPRDIR/../../zybo-v15/Chapter 3/peripherals/clock.v"/>
        <Attr Name="ImportTime" Val="1449885460"/>
        <Attr Name="UsedIn" Val="synthesis"/>
        <Attr Name="UsedIn" Val="implementation"/>
        <Attr Name="UsedIn" Val="simulation"/>
      </FileInfo>
    </File>
    <File Path="$PSRCDIR/sources_1/imports/zybo-USBUART/zybousbuart.v">
      <FileInfo>
        <Attr Name="ImportPath" Val="$PPRDIR/zybousbuart.v"/>
        <Attr Name="ImportTime" Val="1452814886"/>
        <Attr Name="UsedIn" Val="synthesis"/>
        <Attr Name="UsedIn" Val="implementation"/>
        <Attr Name="UsedIn" Val="simulation"/>
      </FileInfo>
    </File>
    <Config>
      <Option Name="DesignMode" Val="RTL"/>
      <Option Name="TopModule" Val="zybousbuart"/>
      <Option Name="TopAutoSet" Val="TRUE"/>
    </Config>
  </FileSet>
  <FileSet Name="constrs_in" Type="Constrs" RelSrcDir="$PSRCDIR/constrs_1">
    <Filter Type="Constrs"/>
    <File Path="$PSRCDIR/constrs_1/imports/xdc/zybo.xdc">
      <FileInfo>
        <Attr Name="UsedIn" Val="synthesis"/>
        <Attr Name="UsedIn" Val="implementation"/>
      </FileInfo>
    </File>
    <Config>
      <Option Name="ConstrsType" Val="XDC"/>
    </Config>
  </FileSet>
  <Strategy Version="1" Minor="2">
    <StratHandle Name="Vivado Implementation Defaults" Flow="Vivado Implementation 2015"/>
    <Step Id="init_design"/>
    <Step Id="opt_design"/>
    <Step Id="power_opt_design"/>
    <Step Id="place_design"/>
    <Step Id="post_place_power_opt_design"/>
    <Step Id="phys_opt_design"/>
    <Step Id="route_design"/>
    <Step Id="post_route_phys_opt_design"/>
    <Step Id="write_bitstream"/>
  </Strategy>
</GenRun>
