<?xml version="1.0" encoding="UTF-8"?>
<GenRun Id="synth_1" LaunchPart="xc7z010clg400-1" LaunchTime="1454641654">
  <File Type="RDS-DCP" Name="zybousbuart.dcp"/>
  <File Type="RUN-CONSTRS" Name="$PDATADIR/runs/synth_1/constrs_in.xml"/>
  <File Type="RDS-UTIL-PB" Name="zybousbuart_utilization_synth.pb"/>
  <File Type="RUN-SRCS" Name="$PDATADIR/runs/synth_1/sources.xml"/>
  <File Type="RDS-PROPCONSTRS" Name="zybousbuart_drc_synth.rpt"/>
  <File Type="PA-TCL" Name="zybousbuart.tcl"/>
  <File Type="RUN-STRAT" Name="$PDATADIR/runs/synth_1/synth_1.psg"/>
  <File Type="RDS-RDS" Name="zybousbuart.vds"/>
  <File Type="RDS-UTIL" Name="zybousbuart_utilization_synth.rpt"/>
  <File Type="VDS-TIMINGSUMMARY" Name="zybousbuart_timing_summary_synth.rpt"/>
  <File Type="VDS-TIMING-PB" Name="zybousbuart_timing_summary_synth.pb"/>
  <FileSet Name="sources" Type="DesignSrcs" RelSrcDir="$PSRCDIR/sources_1">
    <Filter Type="Srcs"/>
    <File Path="$PSRCDIR/sources_1/new/changeletter.v">
      <FileInfo>
        <Attr Name="UsedIn" Val="synthesis"/>
        <Attr Name="UsedIn" Val="implementation"/>
        <Attr Name="UsedIn" Val="simulation"/>
      </FileInfo>
    </File>
    <File Path="$PSRCDIR/sources_1/imports/Users/Silage/Desktop/Chapter 4/peripherals/txmit.v">
      <FileInfo>
        <Attr Name="ImportPath" Val="$PPRDIR/../../Users/Silage/Desktop/Chapter 4/peripherals/txmit.v"/>
        <Attr Name="ImportTime" Val="1362530456"/>
        <Attr Name="UsedIn" Val="synthesis"/>
        <Attr Name="UsedIn" Val="implementation"/>
        <Attr Name="UsedIn" Val="simulation"/>
      </FileInfo>
    </File>
    <File Path="$PSRCDIR/sources_1/imports/Users/Silage/Desktop/Chapter 4/peripherals/rcvr.v">
      <FileInfo>
        <Attr Name="ImportPath" Val="$PPRDIR/../../Users/Silage/Desktop/Chapter 4/peripherals/rcvr.v"/>
        <Attr Name="ImportTime" Val="1361636133"/>
        <Attr Name="UsedIn" Val="synthesis"/>
        <Attr Name="UsedIn" Val="implementation"/>
        <Attr Name="UsedIn" Val="simulation"/>
      </FileInfo>
    </File>
    <File Path="$PSRCDIR/sources_1/imports/zybo-v15/Chapter 3/peripherals/clock.v">
      <FileInfo>
        <Attr Name="ImportPath" Val="$PPRDIR/../../zybo-v15/Chapter 3/peripherals/clock.v"/>
        <Attr Name="ImportTime" Val="1449885460"/>
        <Attr Name="UsedIn" Val="synthesis"/>
        <Attr Name="UsedIn" Val="implementation"/>
        <Attr Name="UsedIn" Val="simulation"/>
      </FileInfo>
    </File>
    <File Path="$PSRCDIR/sources_1/imports/zybo-USBUART/zybousbuart.v">
      <FileInfo>
        <Attr Name="ImportPath" Val="$PPRDIR/zybousbuart.v"/>
        <Attr Name="ImportTime" Val="1452814886"/>
        <Attr Name="UsedIn" Val="synthesis"/>
        <Attr Name="UsedIn" Val="implementation"/>
        <Attr Name="UsedIn" Val="simulation"/>
      </FileInfo>
    </File>
    <Config>
      <Option Name="DesignMode" Val="RTL"/>
      <Option Name="TopModule" Val="zybousbuart"/>
      <Option Name="TopAutoSet" Val="TRUE"/>
    </Config>
  </FileSet>
  <FileSet Name="constrs_in" Type="Constrs" RelSrcDir="$PSRCDIR/constrs_1">
    <Filter Type="Constrs"/>
    <File Path="$PSRCDIR/constrs_1/imports/xdc/zybo.xdc">
      <FileInfo>
        <Attr Name="UsedIn" Val="synthesis"/>
        <Attr Name="UsedIn" Val="implementation"/>
      </FileInfo>
    </File>
    <Config>
      <Option Name="ConstrsType" Val="XDC"/>
    </Config>
  </FileSet>
  <Strategy Version="1" Minor="2">
    <StratHandle Name="Vivado Synthesis Defaults" Flow="Vivado Synthesis 2015"/>
    <Step Id="synth_design"/>
  </Strategy>
</GenRun>
