<?xml version="1.0" encoding="UTF-8"?>
<GenRun Id="div_gen_0_synth_1" LaunchPart="xc7z010clg400-1" LaunchTime="1455164285">
  <File Type="RUN-CONSTRS" Name="$PDATADIR/runs/div_gen_0_synth_1/constrs_in.xml"/>
  <File Type="RDS-DCP" Name="div_gen_0.dcp"/>
  <File Type="RUN-SRCS" Name="$PDATADIR/runs/div_gen_0_synth_1/sources.xml"/>
  <File Type="RDS-UTIL-PB" Name="div_gen_0_utilization_synth.pb"/>
  <File Type="RUN-STRAT" Name="$PDATADIR/runs/div_gen_0_synth_1/div_gen_0_synth_1.psg"/>
  <File Type="PA-TCL" Name="div_gen_0.tcl"/>
  <File Type="RDS-PROPCONSTRS" Name="div_gen_0_drc_synth.rpt"/>
  <File Type="RDS-RDS" Name="div_gen_0.vds"/>
  <File Type="RDS-UTIL" Name="div_gen_0_utilization_synth.rpt"/>
  <File Type="VDS-TIMINGSUMMARY" Name="div_gen_0_timing_summary_synth.rpt"/>
  <File Type="VDS-TIMING-PB" Name="div_gen_0_timing_summary_synth.pb"/>
  <FileSet Name="sources" Type="BlockSrcs" RelSrcDir="$PSRCDIR/div_gen_0">
    <File Path="$PSRCDIR/sources_1/ip/div_gen_0/div_gen_0.xci">
      <FileInfo>
        <Attr Name="UsedIn" Val="synthesis"/>
        <Attr Name="UsedIn" Val="implementation"/>
        <Attr Name="UsedIn" Val="simulation"/>
      </FileInfo>
    </File>
    <Config>
      <Option Name="TopModule" Val="div_gen_0"/>
      <Option Name="UseBlackboxStub" Val="1"/>
    </Config>
  </FileSet>
  <FileSet Name="constrs_in" Type="BlockSrcs" RelSrcDir="$PSRCDIR/div_gen_0">
    <File Path="$PSRCDIR/sources_1/ip/div_gen_0/div_gen_0.xci">
      <FileInfo>
        <Attr Name="UsedIn" Val="synthesis"/>
        <Attr Name="UsedIn" Val="implementation"/>
        <Attr Name="UsedIn" Val="simulation"/>
      </FileInfo>
    </File>
    <Config>
      <Option Name="TopModule" Val="div_gen_0"/>
      <Option Name="UseBlackboxStub" Val="1"/>
    </Config>
  </FileSet>
  <Strategy Version="1" Minor="2">
    <StratHandle Name="Vivado Synthesis Defaults" Flow="Vivado Synthesis 2015"/>
    <Step Id="synth_design"/>
  </Strategy>
</GenRun>
