<?xml version="1.0" encoding="UTF-8"?>
<GenRun Id="impl_1" LaunchPart="xc7z010clg400-1" LaunchTime="1454045379">
  <File Type="OPT-DCP" Name="MULTI_opt.dcp"/>
  <File Type="RUN-CONSTRS" Name="$PDATADIR/runs/impl_1/constrs_in.xml"/>
  <File Type="RUN-SRCS" Name="$PDATADIR/runs/impl_1/sources.xml"/>
  <File Type="ROUTE-DCP" Name="MULTI_routed.dcp"/>
  <File Type="PA-TCL" Name="MULTI.tcl"/>
  <File Type="RUN-STRAT" Name="$PDATADIR/runs/impl_1/impl_1.psg"/>
  <File Type="OPT-DRC" Name="MULTI_drc_opted.rpt"/>
  <File Type="INIT-TIMING" Name="MULTI_timing_summary_init.rpt"/>
  <File Type="OPT-TIMING" Name="MULTI_timing_summary_opted.rpt"/>
  <File Type="OPT-HWDEF" Name="MULTI.hwdef"/>
  <File Type="PWROPT-DCP" Name="MULTI_pwropt.dcp"/>
  <File Type="PWROPT-DRC" Name="MULTI_drc_pwropted.rpt"/>
  <File Type="PWROPT-TIMING" Name="MULTI_timing_summary_pwropted.rpt"/>
  <File Type="PLACE-DCP" Name="MULTI_placed.dcp"/>
  <File Type="PLACE-IO" Name="MULTI_io_placed.rpt"/>
  <File Type="PLACE-CLK" Name="MULTI_clock_utilization_placed.rpt"/>
  <File Type="PLACE-UTIL" Name="MULTI_utilization_placed.rpt"/>
  <File Type="PLACE-UTIL-PB" Name="MULTI_utilization_placed.pb"/>
  <File Type="PLACE-CTRL" Name="MULTI_control_sets_placed.rpt"/>
  <File Type="PLACE-SIMILARITY" Name="MULTI_incremental_reuse_placed.rpt"/>
  <File Type="PLACE-PRE-SIMILARITY" Name="MULTI_incremental_reuse_pre_placed.rpt"/>
  <File Type="PLACE-TIMING" Name="MULTI_timing_summary_placed.rpt"/>
  <File Type="POSTPLACE-PWROPT-DCP" Name="MULTI_postplace_pwropt.dcp"/>
  <File Type="POSTPLACE-PWROPT-TIMING" Name="MULTI_timing_summary_postplace_pwropted.rpt"/>
  <File Type="PHYSOPT-DCP" Name="MULTI_physopt.dcp"/>
  <File Type="RDI-RDI" Name="MULTI.vdi"/>
  <File Type="PHYSOPT-DRC" Name="MULTI_drc_physopted.rpt"/>
  <File Type="PHYSOPT-TIMING" Name="MULTI_timing_summary_physopted.rpt"/>
  <File Type="ROUTE-DRC" Name="MULTI_drc_routed.rpt"/>
  <File Type="ROUTE-DRC-PB" Name="MULTI_drc_routed.pb"/>
  <File Type="ROUTE-PWR" Name="MULTI_power_routed.rpt"/>
  <File Type="ROUTE-PWR-SUM" Name="MULTI_power_summary_routed.pb"/>
  <File Type="ROUTE-STATUS" Name="MULTI_route_status.rpt"/>
  <File Type="ROUTE-STATUS-PB" Name="MULTI_route_status.pb"/>
  <File Type="ROUTE-TIMINGSUMMARY" Name="MULTI_timing_summary_routed.rpt"/>
  <File Type="ROUTE-TIMING-PB" Name="MULTI_timing_summary_routed.pb"/>
  <File Type="ROUTE-TIMING-RPX" Name="MULTI_timing_summary_routed.rpx"/>
  <File Type="ROUTE-SIMILARITY" Name="MULTI_incremental_reuse_routed.rpt"/>
  <File Type="ROUTE-CLK" Name="MULTI_clock_utilization_routed.rpt"/>
  <File Type="POSTROUTE-PHYSOPT-DCP" Name="MULTI_postroute_physopt.dcp"/>
  <File Type="POSTROUTE-PHYSOPT-TIMING" Name="MULTI_timing_summary_postroute_physopted.rpt"/>
  <File Type="POSTROUTE-PHYSOPT-TIMING-PB" Name="MULTI_timing_summary_postroute_physopted.pb"/>
  <File Type="POSTROUTE-PHYSOPT-TIMING-RPX" Name="MULTI_timing_summary_postroute_physopted.rpx"/>
  <File Type="BG-BIT" Name="MULTI.bit"/>
  <File Type="BG-BIN" Name="MULTI.bin"/>
  <File Type="BITSTR-MSK" Name="MULTI.msk"/>
  <File Type="BITSTR-RBT" Name="MULTI.rbt"/>
  <File Type="BITSTR-NKY" Name="MULTI.nky"/>
  <File Type="BITSTR-BMM" Name="MULTI_bd.bmm"/>
  <File Type="BITSTR-MMI" Name="MULTI.mmi"/>
  <File Type="BITSTR-SYSDEF" Name="MULTI.sysdef"/>
  <File Type="BG-BGN" Name="MULTI.bgn"/>
  <File Type="BG-DRC" Name="MULTI.drc"/>
  <File Type="WBT-USG" Name="usage_statistics_webtalk.html"/>
  <FileSet Name="sources" Type="DesignSrcs" RelSrcDir="$PSRCDIR/sources_1">
    <Filter Type="Srcs"/>
    <File Path="$PSRCDIR/sources_1/new/clock.v">
      <FileInfo>
        <Attr Name="UsedIn" Val="synthesis"/>
        <Attr Name="UsedIn" Val="implementation"/>
        <Attr Name="UsedIn" Val="simulation"/>
      </FileInfo>
    </File>
    <File Path="$PSRCDIR/sources_1/new/genMultdata.v">
      <FileInfo>
        <Attr Name="UsedIn" Val="synthesis"/>
        <Attr Name="UsedIn" Val="implementation"/>
        <Attr Name="UsedIn" Val="simulation"/>
      </FileInfo>
    </File>
    <File Path="$PSRCDIR/sources_1/new/MULTI.v">
      <FileInfo>
        <Attr Name="UsedIn" Val="synthesis"/>
        <Attr Name="UsedIn" Val="implementation"/>
        <Attr Name="UsedIn" Val="simulation"/>
      </FileInfo>
    </File>
    <Config>
      <Option Name="DesignMode" Val="RTL"/>
      <Option Name="TopModule" Val="MULTI"/>
      <Option Name="TopAutoSet" Val="TRUE"/>
    </Config>
  </FileSet>
  <FileSet Name="constrs_in" Type="Constrs" RelSrcDir="$PSRCDIR/constrs_1">
    <Filter Type="Constrs"/>
    <File Path="$PSRCDIR/constrs_1/imports/Downloads/ZYBO_Master.xdc">
      <FileInfo>
        <Attr Name="ImportPath" Val="$PPRDIR/../Downloads/ZYBO_Master.xdc"/>
        <Attr Name="ImportTime" Val="1453407069"/>
        <Attr Name="UsedIn" Val="synthesis"/>
        <Attr Name="UsedIn" Val="implementation"/>
      </FileInfo>
    </File>
    <Config>
      <Option Name="ConstrsType" Val="XDC"/>
    </Config>
  </FileSet>
  <Strategy Version="1" Minor="2">
    <StratHandle Name="Vivado Implementation Defaults" Flow="Vivado Implementation 2015"/>
    <Step Id="init_design"/>
    <Step Id="opt_design"/>
    <Step Id="power_opt_design"/>
    <Step Id="place_design"/>
    <Step Id="post_place_power_opt_design"/>
    <Step Id="phys_opt_design"/>
    <Step Id="route_design"/>
    <Step Id="post_route_phys_opt_design"/>
    <Step Id="write_bitstream"/>
  </Strategy>
  <BlockFileSet Type="BlockSrcs" Name="mult_gen_0"/>
</GenRun>
