<?xml version="1.0" encoding="UTF-8"?>
<GenRun Id="impl_1" LaunchPart="xc7z010clg400-1" LaunchTime="1457740374">
  <File Type="OPT-DCP" Name="zyboad1da2_opt.dcp"/>
  <File Type="RUN-CONSTRS" Name="$PDATADIR/runs/impl_1/constrs_in.xml"/>
  <File Type="RUN-SRCS" Name="$PDATADIR/runs/impl_1/sources.xml"/>
  <File Type="ROUTE-DCP" Name="zyboad1da2_routed.dcp"/>
  <File Type="PA-TCL" Name="zyboad1da2.tcl"/>
  <File Type="RUN-STRAT" Name="$PDATADIR/runs/impl_1/impl_1.psg"/>
  <File Type="OPT-DRC" Name="zyboad1da2_drc_opted.rpt"/>
  <File Type="INIT-TIMING" Name="zyboad1da2_timing_summary_init.rpt"/>
  <File Type="OPT-TIMING" Name="zyboad1da2_timing_summary_opted.rpt"/>
  <File Type="OPT-HWDEF" Name="zyboad1da2.hwdef"/>
  <File Type="PWROPT-DCP" Name="zyboad1da2_pwropt.dcp"/>
  <File Type="PWROPT-DRC" Name="zyboad1da2_drc_pwropted.rpt"/>
  <File Type="PWROPT-TIMING" Name="zyboad1da2_timing_summary_pwropted.rpt"/>
  <File Type="PLACE-DCP" Name="zyboad1da2_placed.dcp"/>
  <File Type="PLACE-IO" Name="zyboad1da2_io_placed.rpt"/>
  <File Type="PLACE-CLK" Name="zyboad1da2_clock_utilization_placed.rpt"/>
  <File Type="PLACE-UTIL" Name="zyboad1da2_utilization_placed.rpt"/>
  <File Type="PLACE-UTIL-PB" Name="zyboad1da2_utilization_placed.pb"/>
  <File Type="PLACE-CTRL" Name="zyboad1da2_control_sets_placed.rpt"/>
  <File Type="PLACE-SIMILARITY" Name="zyboad1da2_incremental_reuse_placed.rpt"/>
  <File Type="PLACE-PRE-SIMILARITY" Name="zyboad1da2_incremental_reuse_pre_placed.rpt"/>
  <File Type="PLACE-TIMING" Name="zyboad1da2_timing_summary_placed.rpt"/>
  <File Type="POSTPLACE-PWROPT-DCP" Name="zyboad1da2_postplace_pwropt.dcp"/>
  <File Type="POSTPLACE-PWROPT-TIMING" Name="zyboad1da2_timing_summary_postplace_pwropted.rpt"/>
  <File Type="PHYSOPT-DCP" Name="zyboad1da2_physopt.dcp"/>
  <File Type="RDI-RDI" Name="zyboad1da2.vdi"/>
  <File Type="PHYSOPT-DRC" Name="zyboad1da2_drc_physopted.rpt"/>
  <File Type="PHYSOPT-TIMING" Name="zyboad1da2_timing_summary_physopted.rpt"/>
  <File Type="ROUTE-DRC" Name="zyboad1da2_drc_routed.rpt"/>
  <File Type="ROUTE-DRC-PB" Name="zyboad1da2_drc_routed.pb"/>
  <File Type="ROUTE-PWR" Name="zyboad1da2_power_routed.rpt"/>
  <File Type="ROUTE-PWR-SUM" Name="zyboad1da2_power_summary_routed.pb"/>
  <File Type="ROUTE-STATUS" Name="zyboad1da2_route_status.rpt"/>
  <File Type="ROUTE-STATUS-PB" Name="zyboad1da2_route_status.pb"/>
  <File Type="ROUTE-TIMINGSUMMARY" Name="zyboad1da2_timing_summary_routed.rpt"/>
  <File Type="ROUTE-TIMING-PB" Name="zyboad1da2_timing_summary_routed.pb"/>
  <File Type="ROUTE-TIMING-RPX" Name="zyboad1da2_timing_summary_routed.rpx"/>
  <File Type="ROUTE-SIMILARITY" Name="zyboad1da2_incremental_reuse_routed.rpt"/>
  <File Type="ROUTE-CLK" Name="zyboad1da2_clock_utilization_routed.rpt"/>
  <File Type="POSTROUTE-PHYSOPT-DCP" Name="zyboad1da2_postroute_physopt.dcp"/>
  <File Type="POSTROUTE-PHYSOPT-TIMING" Name="zyboad1da2_timing_summary_postroute_physopted.rpt"/>
  <File Type="POSTROUTE-PHYSOPT-TIMING-PB" Name="zyboad1da2_timing_summary_postroute_physopted.pb"/>
  <File Type="POSTROUTE-PHYSOPT-TIMING-RPX" Name="zyboad1da2_timing_summary_postroute_physopted.rpx"/>
  <File Type="BG-BIT" Name="zyboad1da2.bit"/>
  <File Type="BG-BIN" Name="zyboad1da2.bin"/>
  <File Type="BITSTR-MSK" Name="zyboad1da2.msk"/>
  <File Type="BITSTR-RBT" Name="zyboad1da2.rbt"/>
  <File Type="BITSTR-NKY" Name="zyboad1da2.nky"/>
  <File Type="BITSTR-BMM" Name="zyboad1da2_bd.bmm"/>
  <File Type="BITSTR-MMI" Name="zyboad1da2.mmi"/>
  <File Type="BITSTR-SYSDEF" Name="zyboad1da2.sysdef"/>
  <File Type="BG-BGN" Name="zyboad1da2.bgn"/>
  <File Type="BG-DRC" Name="zyboad1da2.drc"/>
  <File Type="WBT-USG" Name="usage_statistics_webtalk.html"/>
  <FileSet Name="sources" Type="DesignSrcs" RelSrcDir="$PSRCDIR/sources_1">
    <Filter Type="Srcs"/>
    <File Path="$PSRCDIR/sources_1/new/genad1da2.v">
      <FileInfo>
        <Attr Name="UsedIn" Val="synthesis"/>
        <Attr Name="UsedIn" Val="implementation"/>
        <Attr Name="UsedIn" Val="simulation"/>
      </FileInfo>
    </File>
    <File Path="$PSRCDIR/sources_1/new/ad1adc.v">
      <FileInfo>
        <Attr Name="UsedIn" Val="synthesis"/>
        <Attr Name="UsedIn" Val="implementation"/>
        <Attr Name="UsedIn" Val="simulation"/>
      </FileInfo>
    </File>
    <File Path="$PSRCDIR/sources_1/imports/new/da2dac.v">
      <FileInfo>
        <Attr Name="ImportPath" Val="$PPRDIR/../lab4/lab4.srcs/sources_1/new/da2dac.v"/>
        <Attr Name="ImportTime" Val="1456165061"/>
        <Attr Name="UsedIn" Val="synthesis"/>
        <Attr Name="UsedIn" Val="implementation"/>
        <Attr Name="UsedIn" Val="simulation"/>
      </FileInfo>
    </File>
    <File Path="$PSRCDIR/sources_1/imports/Desktop/clock.v">
      <FileInfo>
        <Attr Name="ImportPath" Val="$PPRDIR/../lab4/lab4.srcs/sources_1/imports/Desktop/clock.v"/>
        <Attr Name="ImportTime" Val="1454543906"/>
        <Attr Name="UsedIn" Val="synthesis"/>
        <Attr Name="UsedIn" Val="implementation"/>
        <Attr Name="UsedIn" Val="simulation"/>
      </FileInfo>
    </File>
    <File Path="$PSRCDIR/sources_1/new/zyboad1da2.v">
      <FileInfo>
        <Attr Name="UsedIn" Val="synthesis"/>
        <Attr Name="UsedIn" Val="implementation"/>
        <Attr Name="UsedIn" Val="simulation"/>
      </FileInfo>
    </File>
    <Config>
      <Option Name="DesignMode" Val="RTL"/>
      <Option Name="TopModule" Val="zyboad1da2"/>
      <Option Name="TopAutoSet" Val="TRUE"/>
    </Config>
  </FileSet>
  <FileSet Name="constrs_in" Type="Constrs" RelSrcDir="$PSRCDIR/constrs_1">
    <Filter Type="Constrs"/>
    <File Path="$PSRCDIR/constrs_1/imports/xdc/zybo.xdc">
      <FileInfo>
        <Attr Name="ImportPath" Val="$PPRDIR/../lab4/lab4.srcs/constrs_1/imports/xdc/zybo.xdc"/>
        <Attr Name="ImportTime" Val="1456006111"/>
        <Attr Name="UsedIn" Val="synthesis"/>
        <Attr Name="UsedIn" Val="implementation"/>
      </FileInfo>
    </File>
    <Config>
      <Option Name="ConstrsType" Val="XDC"/>
    </Config>
  </FileSet>
  <Strategy Version="1" Minor="2">
    <StratHandle Name="Vivado Implementation Defaults" Flow="Vivado Implementation 2015"/>
    <Step Id="init_design"/>
    <Step Id="opt_design"/>
    <Step Id="power_opt_design"/>
    <Step Id="place_design"/>
    <Step Id="post_place_power_opt_design"/>
    <Step Id="phys_opt_design"/>
    <Step Id="route_design"/>
    <Step Id="post_route_phys_opt_design"/>
    <Step Id="write_bitstream"/>
  </Strategy>
</GenRun>
